"Position","Name","Salary","GameInfo","AvgPointsPerGame","teamAbbrev"
"RB","Le'Veon Bell",9800,"Final",7.700,"PIT"
"RB","David Johnson",9400,"Final",14.100,"ARI"
"WR","Antonio Brown",8800,"Final",32.200,"PIT"
"WR","Julio Jones",8500,"Final",10.600,"ATL"
"WR","Odell Beckham Jr.",8300,"Final",0,"NYG"
"RB","LeSean McCoy",8200,"Final",23.900,"BUF"
"RB","Ezekiel Elliott",8100,"Final",22.000,"DAL"
"WR","A.J. Green",8000,"Final",12.400,"CIN"
"WR","Mike Evans",7800,"Postponed",0,"TB"
"WR","Jordy Nelson",7600,"Final",20.900,"GB"
"WR","Dez Bryant",7500,"Final",6.300,"DAL"
"RB","DeMarco Murray",7400,"Final",8.000,"TEN"
"WR","Michael Thomas",7400,"Final",9.500,"NO"
"QB","Ben Roethlisberger",7300,"Final",16.720,"PIT"
"WR","Amari Cooper",7200,"Final",17.200,"OAK"
"QB","Drew Brees",7200,"Final",15.640,"NO"
"QB","Cam Newton",7100,"Final",14.140,"CAR"
"RB","Devonta Freeman",7000,"Final",11.900,"ATL"
"QB","Aaron Rodgers",7000,"Final",20.540,"GB"
"QB","Matt Ryan",6900,"Final",20.940,"ATL"
"WR","T.Y. Hilton",6900,"Final",7.700,"IND"
"QB","Russell Wilson",6900,"Final",9.320,"SEA"
"QB","Marcus Mariota",6800,"Final",18.840,"TEN"
"QB","Derek Carr",6700,"Final",18.680,"OAK"
"WR","Doug Baldwin",6700,"Final",10.000,"SEA"
"QB","Jameis Winston",6600,"Postponed",0,"TB"
"RB","Melvin Gordon",6600,"Final",18.900,"LAC"
"WR","Golden Tate",6500,"Final",24.400,"DET"
"RB","Jay Ajayi",6500,"Postponed",0,"MIA"
"QB","Andrew Luck",6500,"Final",0,"IND"
"QB","Kirk Cousins",6400,"Final",13.600,"WAS"
"RB","Jordan Howard",6300,"Final",15.600,"CHI"
"QB","Dak Prescott",6300,"Final",17.120,"DAL"
"WR","Demaryius Thomas",6300,"Final",11.700,"DEN"
"QB","Tyrod Taylor",6200,"Final",19.760,"BUF"
"WR","Sammy Watkins",6200,"Final",10.800,"LAR"
"TE","Greg Olsen",6200,"Final",3.800,"CAR"
"QB","Matthew Stafford",6100,"Final",28.080,"DET"
"WR","Terrelle Pryor Sr.",6100,"Final",12.600,"WAS"
"RB","Darren McFadden",6100,"Final",0,"DAL"
"WR","Keenan Allen",6100,"Final",14.500,"LAC"
"WR","Martavis Bryant",6000,"Final",3.400,"PIT"
"QB","Carson Palmer",6000,"Final",11.960,"ARI"
"WR","Michael Crabtree",6000,"Final",14.300,"OAK"
"RB","Todd Gurley II",6000,"Final",20.600,"LAR"
"WR","Stefon Diggs",6000,"Final",27.700,"MIN"
"WR","Larry Fitzgerald",5900,"Final",13.400,"ARI"
"WR","DeAndre Hopkins",5900,"Final",18.500,"HOU"
"TE","Jordan Reed",5900,"Final",8.600,"WAS"
"WR","Kelvin Benjamin",5900,"Final",3.500,"CAR"
"QB","Sam Bradford",5900,"Final",28.540,"MIN"
"RB","Dalvin Cook",5900,"Final",19.700,"MIN"
"WR","Alshon Jeffery",5800,"Final",8.800,"PHI"
"RB","Ty Montgomery",5800,"Final",19.300,"GB"
"QB","Philip Rivers",5800,"Final",18.680,"LAC"
"QB","Andy Dalton",5700,"Final",2.000,"CIN"
"RB","Leonard Fournette",5700,"Final",24.400,"JAX"
"WR","Jamison Crowder",5600,"Final",3.400,"WAS"
"QB","Eli Manning",5600,"Final",7.700,"NYG"
"QB","Joe Flacco",5500,"Final",7.840,"BAL"
"RB","Joe Mixon",5500,"Final",5.400,"CIN"
"RB","Derrick Henry",5500,"Final",2.500,"TEN"
"QB","Derek Anderson",5500,"Final",0,"CAR"
"RB","Tevin Coleman",5400,"Final",9.800,"ATL"
"QB","Jay Cutler",5400,"Postponed",0,"MIA"
"WR","Jarvis Landry",5400,"Postponed",0,"MIA"
"RB","Christian McCaffrey",5400,"Final",12.500,"CAR"
"RB","Isaiah Crowell",5300,"Final",10.600,"CLE"
"WR","DeVante Parker",5300,"Postponed",0,"MIA"
"RB","Marshawn Lynch",5300,"Final",10.200,"OAK"
"QB","Carson Wentz",5300,"Final",23.880,"PHI"
"WR","Randall Cobb",5300,"Final",17.500,"GB"
"WR","Pierre Garcon",5300,"Final",14.100,"SF"
"RB","Danny Woodhead",5200,"Final",6.700,"BAL"
"WR","Allen Robinson",5200,"Final",2.700,"JAX"
"QB","Colt McCoy",5200,"Final",0,"WAS"
"WR","Davante Adams",5200,"Final",7.700,"GB"
"WR","Emmanuel Sanders",5200,"Final",5.600,"DEN"
"RB","Lamar Miller",5100,"Final",11.600,"HOU"
"TE","Jimmy Graham",5100,"Final",3.800,"SEA"
"QB","Brian Hoyer",5100,"Final",5.220,"SF"
"WR","Brandon Marshall",5100,"Final",2.000,"NYG"
"WR","Cameron Meredith",5000,"Final",0,"CHI"
"WR","Jeremy Maclin",5000,"Final",13.600,"BAL"
"QB","Ryan Tannehill",5000,"Postponed",0,"MIA"
"WR","Eric Decker",5000,"Final",4.000,"TEN"
"WR","Donte Moncrief",5000,"Final",6.000,"IND"
"RB","Eddie Lacy",5000,"Final",0.300,"SEA"
"RB","Jonathan Stewart",5000,"Final",16.200,"CAR"
"QB","Trevor Siemian",5000,"Final",23.660,"DEN"
"RB","Bilal Powell",4900,"Final",8.900,"NYJ"
"QB","Mike Glennon",4900,"Final",12.520,"CHI"
"QB","Matt Moore",4900,"Postponed",0,"MIA"
"WR","DeSean Jackson",4900,"Postponed",0,"TB"
"RB","Jacquizz Rodgers",4900,"Postponed",0,"TB"
"WR","Willie Snead",4900,"Final",0,"NO"
"WR","Tyrell Williams",4900,"Final",10.400,"LAC"
"RB","Matt Forte",4800,"Final",6.600,"NYJ"
"WR","Kenny Britt",4800,"Final",2.300,"CLE"
"QB","Cody Kessler",4800,"Final",0,"CLE"
"QB","DeShone Kizer",4800,"Final",19.580,"CLE"
"WR","John Brown",4800,"Final",8.200,"ARI"
"QB","Tom Savage",4800,"Final",0.480,"HOU"
"QB","Blake Bortles",4800,"Final",10.300,"JAX"
"QB","Deshaun Watson",4800,"Final",7.680,"HOU"
"QB","Ryan Fitzpatrick",4800,"Postponed",0,"TB"
"RB","Doug Martin",4800,"Postponed",0,"TB"
"QB","Jared Goff",4800,"Final",19.440,"LAR"
"RB","Thomas Rawls",4800,"Final",0,"SEA"
"QB","Geno Smith",4800,"Final",0,"NYG"
"RB","Mark Ingram",4800,"Final",12.100,"NO"
"WR","Adam Thielen",4800,"Final",27.700,"MIN"
"QB","AJ McCarron",4700,"Final",0,"CIN"
"RB","Terrance West",4700,"Final",14.000,"BAL"
"QB","Landry Jones",4700,"Final",0,"PIT"
"RB","Theo Riddick",4700,"Final",14.600,"DET"
"QB","Brett Hundley",4700,"Final",0,"GB"
"QB","Colin Kaepernick",4700,"Final",0,"SF"
"WR","Cole Beasley",4700,"Final",6.200,"DAL"
"QB","Case Keenum",4700,"Final",0,"MIN"
"TE","Kyle Rudolph",4700,"Final",11.600,"MIN"
"QB","Josh McCown",4600,"Final",11.480,"NYJ"
"QB","Mitchell Trubisky",4600,"Final",0.000,"CHI"
"TE","Tyler Eifert",4600,"Final",1.400,"CIN"
"RB","Duke Johnson Jr.",4600,"Final",4.000,"CLE"
"QB","Nick Foles",4600,"Final",0,"PHI"
"RB","Carlos Hyde",4600,"Final",13.700,"SF"
"QB","Chase Daniel",4600,"Final",0,"NO"
"RB","C.J. Anderson",4600,"Final",9.800,"DEN"
"QB","Paxton Lynch",4600,"Final",0,"DEN"
"QB","Matt Schaub",4500,"Final",0.000,"ATL"
"WR","Mike Wallace",4500,"Final",1.800,"BAL"
"QB","Ryan Mallett",4500,"Final",0,"BAL"
"RB","Giovani Bernard",4500,"Final",8.900,"CIN"
"RB","James Conner",4500,"Final",1.100,"PIT"
"QB","Blaine Gabbert",4500,"Final",0,"ARI"
"QB","Matt Cassel",4500,"Final",0,"TEN"
"QB","Connor Cook",4500,"Final",0,"OAK"
"RB","LeGarrette Blount",4500,"Final",11.700,"PHI"
"QB","Scott Tolzien",4500,"Final",3.320,"IND"
"QB","Trevone Boykin",4500,"Final",0,"SEA"
"RB","Adrian Peterson",4500,"Final",1.800,"NO"
"QB","Brock Osweiler",4500,"Final",0,"DEN"
"WR","Jordan Matthews",4400,"Final",8.100,"BUF"
"QB","Christian Hackenberg",4400,"Final",0,"NYJ"
"RB","Jeremy Hill",4400,"Final",3.400,"CIN"
"WR","Corey Coleman",4400,"Final",16.300,"CLE"
"WR","Tyler Lockett",4400,"Final",1.800,"SEA"
"QB","Kellen Moore",4400,"Final",0,"DAL"
"RB","Alfred Morris",4400,"Final",0.100,"DAL"
"QB","Cardale Jones",4400,"Final",0,"LAC"
"QB","Mark Sanchez",4300,"Final",0,"CHI"
"RB","Ameer Abdullah",4300,"Final",7.100,"DET"
"QB","Chad Henne",4300,"Final",0,"JAX"
"TE","Delanie Walker",4300,"Final",14.600,"TEN"
"RB","Rob Kelley",4300,"Final",3.000,"WAS"
"RB","Frank Gore",4300,"Final",6.200,"IND"
"QB","Sean Mannion",4300,"Final",-0.220,"LAR"
"WR","Devin Funchess",4300,"Final",4.000,"CAR"
"RB","Paul Perkins",4300,"Final",4.500,"NYG"
"QB","T.J. Yates",4200,"Final",0,"BUF"
"WR","Mohamed Sanu",4200,"Final",10.700,"ATL"
"WR","Kevin White",4200,"Final",2.600,"CHI"
"RB","Alfred Blue",4200,"Final",0,"HOU"
"WR","Rishard Matthews",4200,"Final",12.100,"TEN"
"RB","Samaje Perine",4200,"Final",0.000,"WAS"
"WR","Ted Ginn Jr.",4200,"Final",9.800,"NO"
"RB","Latavius Murray",4200,"Final",0.600,"MIN"
"RB","Jamaal Charles",4200,"Final",3.000,"DEN"
"QB","Drew Stanton",4100,"Final",0,"ARI"
"WR","Marvin Jones Jr.",4100,"Final",11.700,"DET"
"RB","D'Onta Foreman",4100,"Final",0.400,"HOU"
"RB","Kenyan Drake",4100,"Postponed",0,"MIA"
"RB","DeAndre Washington",4100,"Final",4.200,"OAK"
"TE","Martellus Bennett",4100,"Final",7.300,"GB"
"RB","C.J. Prosise",4100,"Final",1.100,"SEA"
"RB","Tim Hightower",4100,"Final",0,"SF"
"WR","Sterling Shepard",4100,"Final",12.000,"NYG"
"QB","Joe Webb",4000,"Final",0.000,"BUF"
"QB","Bryce Petty",4000,"Final",0,"NYJ"
"QB","Keith Wenning",4000,"Final",0,"BUF"
"QB","Nathan Peterman",4000,"Final",0,"BUF"
"QB","Matt Simms",4000,"Final",0,"ATL"
"QB","Connor Shaw",4000,"Final",0,"CHI"
"WR","Taylor Gabriel",4000,"Final",6.600,"ATL"
"QB","Alek Torgersen",4000,"Final",0,"ATL"
"QB","Thad Lewis",4000,"Final",0,"BAL"
"QB","Jeff Driskel",4000,"Final",0,"CIN"
"QB","Dustin Vaughan",4000,"Final",0,"BAL"
"QB","Robert Griffin III",4000,"Final",0,"CLE"
"WR","Josh Gordon",4000,"Final",0,"CLE"
"RB","Fitzgerald Toussaint",4000,"Final",0,"PIT"
"WR","Justin Hunter",4000,"Final",0,"PIT"
"QB","Kevin Hogan",4000,"Final",0,"CLE"
"QB","Josh Woodrum",4000,"Final",0,"CLE"
"QB","Bart Houston",4000,"Final",0,"PIT"
"QB","Joshua Dobbs",4000,"Final",0,"PIT"
"QB","Jake Rudock",4000,"Final",0.000,"DET"
"QB","Trevor Knight",4000,"Final",0,"ARI"
"QB","Brandon Weeden",4000,"Final",0,"HOU"
"QB","Ryan Griffin",4000,"Postponed",0,"TB"
"QB","David Fales",4000,"Postponed",0,"MIA"
"QB","Brandon Doughty",4000,"Postponed",0,"MIA"
"QB","Sefo Liufau",4000,"Postponed",0,"TB"
"QB","EJ Manuel",4000,"Final",0,"OAK"
"QB","Alex Tanney",4000,"Final",0,"TEN"
"QB","Tyler Ferguson",4000,"Final",0,"TEN"
"WR","Corey Davis",4000,"Final",12.900,"TEN"
"QB","Matt McGloin",4000,"Final",0,"PHI"
"QB","Dane Evans",4000,"Final",0,"PHI"
"QB","Nate Sudfeld",4000,"Final",0,"WAS"
"QB","Dan Orlovsky",4000,"Final",0,"LAR"
"RB","Robert Turbin",4000,"Final",1.300,"IND"
"QB","Stephen Morris",4000,"Final",0,"IND"
"WR","Robert Woods",4000,"Final",8.300,"LAR"
"QB","Brandon Allen",4000,"Final",0,"LAR"
"QB","Phillip Walker",4000,"Final",0,"IND"
"QB","Austin Davis",4000,"Final",0,"SEA"
"QB","Joe Callahan",4000,"Final",0,"GB"
"QB","Matt Barkley",4000,"Final",0,"SF"
"QB","Garrett Gilbert",4000,"Final",0,"CAR"
"QB","C.J. Beathard",4000,"Final",0,"SF"
"QB","Nick Mullens",4000,"Final",0,"SF"
"QB","Brad Kaaya",4000,"Final",0,"CAR"
"RB","Joe Williams",4000,"Final",0,"SF"
"QB","Luke McCown",4000,"Final",0,"DAL"
"QB","Josh Johnson",4000,"Final",0,"NYG"
"QB","Cooper Rush",4000,"Final",0,"DAL"
"QB","Davis Webb",4000,"Final",0,"NYG"
"QB","Ryan Nassib",4000,"Final",0,"NO"
"QB","Taysom Hill",4000,"Final",0,"NO"
"QB","Garrett Grayson",4000,"Final",0,"NO"
"QB","Teddy Bridgewater",4000,"Final",0,"MIN"
"QB","Taylor Heinicke",4000,"Final",0,"MIN"
"QB","Mitch Leidner",4000,"Final",0,"MIN"
"QB","Kellen Clemens",4000,"Final",0,"LAC"
"RB","Branden Oliver",4000,"Final",1.000,"LAC"
"QB","Mike Bercovici",4000,"Final",0,"LAC"
"QB","Chad Kelly",4000,"Final",0,"DEN"
"QB","Kyle Sloter",4000,"Final",0,"DEN"
"DST","Bills ",3900,"Final",9.000,"BUF"
"RB","Jeremy Langford",3900,"Final",0,"BAL"
"WR","Eli Rogers",3900,"Final",3.100,"PIT"
"RB","Chris Johnson",3900,"Final",0,"ARI"
"WR","Braxton Miller",3900,"Final",0.000,"HOU"
"RB","T.J. Yeldon",3900,"Final",0,"JAX"
"RB","Charles Sims",3900,"Postponed",0,"TB"
"RB","Jalen Richard",3900,"Final",3.800,"OAK"
"RB","Darren Sproles",3900,"Final",9.500,"PHI"
"RB","Malcolm Brown",3900,"Final",7.600,"LAR"
"RB","Jamaal Williams",3900,"Final",0.900,"GB"
"TE","Jason Witten",3900,"Final",18.900,"DAL"
"RB","Rod Smith",3900,"Final",0.000,"DAL"
"RB","Jonathan Williams",3900,"Final",0,"DEN"
"WR","Jeremy Kerley",3800,"Final",0,"NYJ"
"WR","Robby Anderson",3800,"Final",6.200,"NYJ"
"WR","Sammie Coates",3800,"Final",0.000,"CLE"
"RB","Kerwynn Williams",3800,"Final",8.200,"ARI"
"RB","Zach Zenner",3800,"Final",0,"DET"
"DST","Texans ",3800,"Final",0.000,"HOU"
"WR","Marqise Lee",3800,"Final",0.000,"JAX"
"WR","Will Fuller V",3800,"Final",0,"HOU"
"WR","Kenny Stills",3800,"Postponed",0,"MIA"
"RB","Damien Williams",3800,"Postponed",0,"MIA"
"WR","Nelson Agholor",3800,"Final",20.600,"PHI"
"RB","Wendell Smallwood",3800,"Final",1.900,"PHI"
"WR","Tavon Austin",3800,"Final",1.800,"LAR"
"RB","Shane Vereen",3800,"Final",14.100,"NYG"
"WR","Terrance Williams",3800,"Final",12.800,"DAL"
"WR","ArDarius Stewart",3700,"Final",3.000,"NYJ"
"WR","Brandon LaFell",3700,"Final",5.400,"CIN"
"WR","J.J. Nelson",3700,"Final",15.300,"ARI"
"DST","Jaguars ",3700,"Final",28.000,"JAX"
"RB","Jeremy McNichols",3700,"Postponed",0,"TB"
"WR","Torrey Smith",3700,"Final",4.000,"PHI"
"RB","Chris Thompson",3700,"Final",15.600,"WAS"
"TE","Jack Doyle",3700,"Final",6.100,"IND"
"WR","Cooper Kupp",3700,"Final",17.600,"LAR"
"WR","Paul Richardson",3700,"Final",9.900,"SEA"
"RB","Aaron Jones",3700,"Final",0,"GB"
"RB","Fozzy Whittaker",3700,"Final",0.100,"CAR"
"WR","Mike Williams",3700,"Final",0,"LAC"
"RB","Benny Cunningham",3600,"Final",0.000,"CHI"
"WR","Tyler Boyd",3600,"Final",2.100,"CIN"
"DST","Steelers ",3600,"Final",18.000,"PIT"
"WR","JuJu Smith-Schuster",3600,"Final",0.000,"PIT"
"TE","Eric Ebron",3600,"Final",2.900,"DET"
"WR","Kenny Golladay",3600,"Final",22.900,"DET"
"RB","Chris Ivory",3600,"Final",6.300,"JAX"
"WR","Adam Humphries",3600,"Postponed",0,"TB"
"WR","Taywan Taylor",3600,"Final",3.400,"TEN"
"WR","Jeff Janis",3600,"Final",0.000,"GB"
"WR","Curtis Samuel",3600,"Final",0.000,"CAR"
"DST","Broncos ",3600,"Final",5.000,"DEN"
"RB","De'Angelo Henderson",3600,"Final",0.000,"DEN"
"WR","Anquan Boldin",3500,"Final",0,"BUF"
"WR","Charone Peake",3500,"Final",0.000,"NYJ"
"RB","Elijah McGuire",3500,"Final",0.000,"NYJ"
"WR","Zay Jones",3500,"Final",3.100,"BUF"
"WR","Markus Wheaton",3500,"Final",0,"CHI"
"WR","Breshad Perriman",3500,"Final",1.500,"BAL"
"WR","Allen Hurns",3500,"Final",7.200,"JAX"
"WR","Jaelen Strong",3500,"Final",0,"HOU"
"TE","Zach Ertz",3500,"Final",17.300,"PHI"
"WR","Josh Doctson",3500,"Final",0.000,"WAS"
"RB","Donnel Pumphrey",3500,"Final",0,"PHI"
"WR","Kamar Aiken",3500,"Final",1.300,"IND"
"RB","Devante Mays",3500,"Final",0.000,"GB"
"DST","Panthers ",3500,"Final",15.000,"CAR"
"RB","Wayne Gallman",3500,"Final",0,"NYG"
"WR","Laquon Treadwell",3500,"Final",1.700,"MIN"
"RB","Alvin Kamara",3500,"Final",7.800,"NO"
"WR","Dontrelle Inman",3500,"Final",0,"LAC"
"RB","Devontae Booker",3500,"Final",0,"DEN"
"WR","Jermaine Kearse",3400,"Final",12.900,"NYJ"
"RB","Andre Ellington",3400,"Final",5.500,"ARI"
"DST","Buccaneers ",3400,"Postponed",0,"TB"
"WR","Ryan Grant",3400,"Final",10.100,"WAS"
"RB","Marlon Mack",3400,"Final",11.500,"IND"
"WR","Travis Benjamin",3400,"Final",13.300,"LAC"
"TE","Hunter Henry",3400,"Final",0.000,"LAC"
"DST","Falcons ",3300,"Final",5.000,"ATL"
"WR","Victor Cruz",3300,"Final",0,"CHI"
"WR","John Ross",3300,"Final",0,"CIN"
"WR","Jaron Brown",3300,"Final",0.000,"ARI"
"RB","Dwayne Washington",3300,"Final",2.200,"DET"
"TE","Jared Cook",3300,"Final",10.600,"OAK"
"WR","Seth Roberts",3300,"Final",8.900,"OAK"
"WR","Phillip Dorsett",3300,"Final",0.000,"IND"
"WR","Aldrick Robinson",3300,"Final",1.700,"SF"
"WR","Russell Shepard",3300,"Final",13.300,"CAR"
"WR","Roger Lewis",3300,"Final",9.400,"NYG"
"WR","Brandon Coleman",3300,"Final",3.300,"NO"
"TE","Charles Clay",3200,"Final",15.300,"BUF"
"WR","Kendall Wright",3200,"Final",6.400,"CHI"
"RB","Ryan Mathews",3200,"Final",0,"PHI"
"DST","Rams ",3200,"Final",28.000,"LAR"
"WR","Marquise Goodwin",3200,"Final",5.100,"SF"
"WR","Tavarres King",3200,"Final",0,"NYG"
"RB","Jerick McKinnon",3200,"Final",6.700,"MIN"
"DST","Bengals ",3100,"Final",4.000,"CIN"
"TE","C.J. Fiedorowicz",3100,"Final",8.600,"HOU"
"TE","Cameron Brate",3100,"Postponed",0,"TB"
"WR","Tajae Sharpe",3100,"Final",0,"TEN"
"RB","Elijah Hood",3100,"Final",0,"OAK"
"WR","Brian Quick",3100,"Final",2.100,"WAS"
"WR","Pharoh Cooper",3100,"Final",0.000,"LAR"
"RB","Orleans Darkwa",3100,"Final",2.300,"NYG"
"RB","Mike Tolbert",3000,"Final",12.400,"BUF"
"WR","Brandon Tate",3000,"Final",0.000,"BUF"
"RB","Taiwan Jones",3000,"Final",0.000,"BUF"
"RB","Joe Banyard",3000,"Final",0.000,"BUF"
"RB","Patrick DiMarco",3000,"Final",1.500,"BUF"
"WR","Frankie Hammond Jr.",3000,"Final",0,"NYJ"
"WR","Myles White",3000,"Final",0,"NYJ"
"WR","Quincy Enunwa",3000,"Final",0,"NYJ"
"WR","Kenbrell Thompkins",3000,"Final",0,"NYJ"
"WR","Rod Streater",3000,"Final",0,"BUF"
"RB","Marcus Murphy",3000,"Final",0,"NYJ"
"WR","Walter Powell",3000,"Final",0,"BUF"
"WR","Kaelin Clay",3000,"Final",0,"BUF"
"WR","Andre Holmes",3000,"Final",7.100,"BUF"
"RB","Algernon Brown",3000,"Final",0,"NYJ"
"WR","Marquess Wilson",3000,"Final",0,"NYJ"
"WR","Philly Brown",3000,"Final",0,"BUF"
"WR","Rashad Ross",3000,"Final",0,"BUF"
"WR","Dezmin Lewis",3000,"Final",0,"BUF"
"WR","Deshon Foxx",3000,"Final",0,"NYJ"
"RB","Romar Morris",3000,"Final",0,"NYJ"
"WR","Jeremy Butler",3000,"Final",0,"BUF"
"WR","Brandon Reilly",3000,"Final",0,"BUF"
"WR","Gabe Marks",3000,"Final",0,"NYJ"
"WR","Chris Harper",3000,"Final",0,"NYJ"
"WR","Kalif Raymond",3000,"Final",0.000,"NYJ"
"RB","Jordan Johnson",3000,"Final",0,"BUF"
"WR","Daikiel Shorts",3000,"Final",0,"BUF"
"WR","Jalin Marshall",3000,"Final",0,"NYJ"
"WR","Lucky Whitehead",3000,"Final",0,"NYJ"
"WR","Damore'ea Stringfellow",3000,"Final",0,"NYJ"
"RB","Jahad Thomas",3000,"Final",0,"NYJ"
"WR","Dan Williams",3000,"Final",0,"NYJ"
"RB","Anthony Firkser",3000,"Final",0,"NYJ"
"WR","Chad Hansen",3000,"Final",0.000,"NYJ"
"RB","Julian Howsare",3000,"Final",0,"NYJ"
"RB","Cedric O'Neal",3000,"Final",0,"BUF"
"WR","Andre Roberts",3000,"Final",0.000,"ATL"
"WR","Deonte Thompson",3000,"Final",2.500,"CHI"
"RB","Derrick Coleman",3000,"Final",0.000,"ATL"
"WR","B.J. Daniels",3000,"Final",0,"ATL"
"WR","Rueben Randle",3000,"Final",0,"CHI"
"WR","Nick Williams",3000,"Final",0,"ATL"
"WR","Josh Bellamy",3000,"Final",5.700,"CHI"
"RB","Michael Burton",3000,"Final",0.700,"CHI"
"WR","Justin Hardy",3000,"Final",0.000,"ATL"
"RB","Terron Ward",3000,"Final",0.000,"ATL"
"WR","Titus Davis",3000,"Final",0,"CHI"
"RB","Ka'Deem Carey",3000,"Final",0,"CHI"
"WR","Tre McBride",3000,"Final",0,"CHI"
"WR","Marvin Hall",3000,"Final",0,"ATL"
"RB","Jhurell Pressley",3000,"Final",0,"ATL"
"WR","Daniel Braverman",3000,"Final",0,"CHI"
"WR","Alton Howard",3000,"Final",0,"CHI"
"RB","Josh Rounds",3000,"Final",0,"CHI"
"WR","Josh Magee",3000,"Final",0,"ATL"
"WR","Deante Burton",3000,"Final",0,"ATL"
"WR","Reginald Davis III",3000,"Final",0,"ATL"
"RB","Kelvin Taylor",3000,"Final",0,"ATL"
"WR","Bra'Lon Cherry",3000,"Final",0,"ATL"
"WR","Tanner Gentry",3000,"Final",0,"CHI"
"RB","Freddie Stevenson",3000,"Final",0,"CHI"
"TE","Austin Hooper",3000,"Final",23.800,"ATL"
"RB","Taquan Mizzell",3000,"Final",0,"CHI"
"RB","Tyler Renew",3000,"Final",0,"ATL"
"RB","Tarik Cohen",3000,"Final",25.300,"CHI"
"RB","Brian Hill",3000,"Final",0,"ATL"
"WR","Anthony Dable",3000,"Final",0,"ATL"
"RB","Cedric Peerman",3000,"Final",0,"CIN"
"RB","Bobby Rainey",3000,"Final",0,"BAL"
"WR","Griff Whalen",3000,"Final",0,"BAL"
"WR","Michael Campanaro",3000,"Final",0.200,"BAL"
"WR","Chris Matthews",3000,"Final",0.000,"BAL"
"WR","Kenny Bell",3000,"Final",0,"BAL"
"WR","Jake Kumerow",3000,"Final",0,"CIN"
"RB","Javorius Allen",3000,"Final",7.100,"BAL"
"WR","Chris Moore",3000,"Final",0.000,"BAL"
"RB","Tra Carson",3000,"Final",0,"CIN"
"WR","Alex Erickson",3000,"Final",0.000,"CIN"
"RB","Kenneth Dixon",3000,"Final",0,"BAL"
"WR","Cody Core",3000,"Final",0.000,"CIN"
"RB","Ricky Ortiz",3000,"Final",0,"BAL"
"WR","C.J. Board",3000,"Final",0,"BAL"
"WR","Keenan Reynolds",3000,"Final",0,"BAL"
"WR","Alonzo Russell",3000,"Final",0,"CIN"
"WR","Chris Brown",3000,"Final",0,"CIN"
"RB","Lorenzo Taliaferro",3000,"Final",0,"BAL"
"RB","Darrin Laufasa",3000,"Final",0,"CIN"
"WR","Kermit Whitfield",3000,"Final",0,"CIN"
"RB","Jarveon Williams",3000,"Final",0,"CIN"
"WR","Quincy Adeboyejo",3000,"Final",0,"BAL"
"WR","Vince Mayle",3000,"Final",0.000,"BAL"
"WR","Josh Malone",3000,"Final",0,"CIN"
"WR","Tim White",3000,"Final",0,"BAL"
"RB","DeAngelo Williams",3000,"Final",0,"PIT"
"WR","Darrius Heyward-Bey",3000,"Final",0.000,"PIT"
"WR","Josh Boyce",3000,"Final",0,"CLE"
"RB","Knile Davis",3000,"Final",0,"PIT"
"WR","Cobi Hamilton",3000,"Final",0,"PIT"
"RB","Roosevelt Nix",3000,"Final",0.000,"PIT"
"WR","Jordan Leslie",3000,"Final",0,"CLE"
"RB","Terrence Magee",3000,"Final",0,"CLE"
"RB","Brandon Wilds",3000,"Final",0,"CLE"
"WR","Richard Mullaney",3000,"Final",0,"CLE"
"WR","Kasen Williams",3000,"Final",0.000,"CLE"
"WR","Rannell Hall",3000,"Final",0,"CLE"
"RB","Terrell Watson",3000,"Final",0.000,"PIT"
"TE","Jesse James",3000,"Final",22.100,"PIT"
"RB","Trey Williams",3000,"Final",0,"PIT"
"WR","Jordan Payton",3000,"Final",0,"CLE"
"WR","Justin Thomas",3000,"Final",0,"PIT"
"RB","Danny Vitale",3000,"Final",0.000,"CLE"
"WR","Ricardo Louis",3000,"Final",5.200,"CLE"
"WR","Reggie Davis",3000,"Final",0,"CLE"
"WR","Demarcus Ayers",3000,"Final",0,"PIT"
"WR","Rashard Higgins",3000,"Final",0,"CLE"
"RB","Matthew Dayes",3000,"Final",3.600,"CLE"
"WR","Mario Alford",3000,"Final",0,"CLE"
"WR","Rasheed Bailey",3000,"Final",0,"CLE"
"WR","Marcus Tucker",3000,"Final",0,"PIT"
"WR","Jeremy Ross",3000,"Final",0,"ARI"
"RB","Matt Asiata",3000,"Final",0,"DET"
"WR","Keshawn Martin",3000,"Final",0,"DET"
"RB","Mike James",3000,"Final",0,"DET"
"WR","Ryan Spadola",3000,"Final",0,"DET"
"WR","Jared Abbrederis",3000,"Final",0,"DET"
"WR","Aaron Dobson",3000,"Final",0,"ARI"
"WR","TJ Jones",3000,"Final",5.200,"DET"
"RB","Elijhaa Penny",3000,"Final",0.000,"ARI"
"WR","Brittan Golden",3000,"Final",0.000,"ARI"
"RB","Tion Green",3000,"Final",0,"DET"
"WR","Michael Rector",3000,"Final",0,"DET"
"WR","Dontez Ford",3000,"Final",0,"DET"
"WR","Carlton Agudosi",3000,"Final",0,"ARI"
"WR","Chris Hubert",3000,"Final",0,"ARI"
"RB","T.J. Logan",3000,"Final",0,"ARI"
"WR","Noel Thomas",3000,"Final",0,"DET"
"WR","Jace Billingsley",3000,"Final",0,"DET"
"WR","Chad Williams",3000,"Final",0,"ARI"
"RB","James Summers",3000,"Final",0,"ARI"
"WR","Dez Stewart",3000,"Final",0,"DET"
"WR","Krishawn Hogan",3000,"Final",0,"ARI"
"WR","Arrelious Benn",3000,"Final",2.200,"JAX"
"RB","DuJuan Harris",3000,"Final",0,"JAX"
"RB","Jonathan Grimes",3000,"Final",0,"JAX"
"RB","Jordan Todman",3000,"Final",0.000,"HOU"
"RB","Tommy Bohanon",3000,"Final",7.100,"JAX"
"RB","Tyler Gaffney",3000,"Final",0,"JAX"
"WR","Devin Street",3000,"Final",0,"HOU"
"RB","Jay Prosch",3000,"Final",0.000,"HOU"
"WR","Dres Anderson",3000,"Final",0,"HOU"
"WR","Larry Pinkard",3000,"Final",0,"JAX"
"RB","Corey Grant",3000,"Final",0.000,"JAX"
"WR","DeAndrew White",3000,"Final",0,"HOU"
"RB","Tyler Ervin",3000,"Final",6.600,"HOU"
"WR","Jamal Robinson",3000,"Final",0,"JAX"
"WR","Bruce Ellington",3000,"Final",0.000,"HOU"
"WR","Rashad Greene Sr.",3000,"Final",0,"JAX"
"WR","Marcus Leak",3000,"Final",0,"HOU"
"RB","Akeem Hunt",3000,"Final",0,"HOU"
"WR","Shane Wynn",3000,"Final",0,"JAX"
"WR","Germone Hopper",3000,"Final",0,"HOU"
"WR","Kenneth Walker III",3000,"Final",0,"JAX"
"WR","Justin Hardee",3000,"Final",0,"HOU"
"RB","I'Tavius Mathers",3000,"Final",0,"JAX"
"WR","Amba Etta-Tawo",3000,"Final",0,"JAX"
"WR","Riley McCarron",3000,"Final",0,"HOU"
"RB","Dare Ogunbowale",3000,"Final",0,"HOU"
"WR","Andy Jones",3000,"Final",0.000,"HOU"
"WR","Chris Thompson",3000,"Final",0,"HOU"
"RB","Marquez Williams",3000,"Final",0,"JAX"
"WR","Keelan Cole",3000,"Final",0.000,"JAX"
"WR","Dede Westbrook",3000,"Final",0,"JAX"
"RB","Tim Cook",3000,"Final",0,"JAX"
"WR","Wendall Williams",3000,"Final",0,"HOU"
"WR","Vincent Jackson",3000,"Postponed",0,"TB"
"RB","Austin Johnson",3000,"Postponed",0,"TB"
"WR","Mitch Mathews",3000,"Postponed",0,"MIA"
"RB","Storm Johnson",3000,"Postponed",0,"MIA"
"WR","Rashad Lawrence",3000,"Postponed",0,"MIA"
"RB","Senorise Perry",3000,"Postponed",0,"MIA"
"WR","Josh Huff",3000,"Postponed",0,"TB"
"RB","Blake Sims",3000,"Postponed",0,"TB"
"WR","Bernard Reedy",3000,"Postponed",0,"TB"
"WR","Freddie Martino",3000,"Postponed",0,"TB"
"WR","Shaq Hill",3000,"Postponed",0,"TB"
"WR","Rashawn Scott",3000,"Postponed",0,"MIA"
"WR","Jakeem Grant",3000,"Postponed",0,"MIA"
"WR","Trey Griffey",3000,"Postponed",0,"MIA"
"WR","Jordan Westerkamp",3000,"Postponed",0,"MIA"
"WR","Derel Walker",3000,"Postponed",0,"TB"
"RB","Russell Hansbrough",3000,"Postponed",0,"TB"
"WR","Malcolm Lewis",3000,"Postponed",0,"MIA"
"RB","Quayvon Hicks",3000,"Postponed",0,"TB"
"WR","Leonte Carroo",3000,"Postponed",0,"MIA"
"TE","O.J. Howard",3000,"Postponed",0,"TB"
"WR","Francis Owusu",3000,"Postponed",0,"MIA"
"RB","De'Veon Smith",3000,"Postponed",0,"MIA"
"WR","Bobo Wilson",3000,"Postponed",0,"TB"
"WR","Drew Morgan",3000,"Postponed",0,"MIA"
"RB","Peyton Barber",3000,"Postponed",0,"TB"
"WR","Chris Godwin",3000,"Postponed",0,"TB"
"WR","Isaiah Ford",3000,"Postponed",0,"MIA"
"WR","Donteea Dye",3000,"Postponed",0,"TB"
"WR","Harry Douglas",3000,"Final",0,"TEN"
"WR","Eric Weems",3000,"Final",0.000,"TEN"
"RB","Jalston Fowler",3000,"Final",0.000,"TEN"
"WR","Jonathan Krause",3000,"Final",0,"TEN"
"RB","David Fluellen",3000,"Final",0.000,"TEN"
"RB","Jamize Olawale",3000,"Final",0,"OAK"
"WR","K.J. Brent",3000,"Final",0,"OAK"
"WR","Darius Jennings",3000,"Final",0,"TEN"
"RB","George Atkinson III",3000,"Final",0,"OAK"
"WR","KeVonn Mabon",3000,"Final",0,"TEN"
"WR","Cordarrelle Patterson",3000,"Final",1.700,"OAK"
"RB","Brandon Radcliff",3000,"Final",0,"TEN"
"WR","Keon Hatcher",3000,"Final",0,"OAK"
"WR","Mekale McKay",3000,"Final",0,"TEN"
"RB","Joe Bacci",3000,"Final",0,"TEN"
"WR","Jaydon Mickens",3000,"Final",0,"OAK"
"RB","John Crockett",3000,"Final",0,"OAK"
"RB","Khalfani Muhammad",3000,"Final",0,"TEN"
"WR","Johnny Holton",3000,"Final",0.000,"OAK"
"WR","Giovanni Pascascio",3000,"Final",0,"TEN"
"RB","Akeem Judd",3000,"Final",0,"TEN"
"WR","Ishmael Zamora",3000,"Final",0,"OAK"
"WR","Isaac Whitney",3000,"Final",0,"OAK"
"DST","Redskins ",3000,"Final",12.000,"WAS"
"TE","Vernon Davis",3000,"Final",0.000,"WAS"
"RB","Mack Brown",3000,"Final",0,"WAS"
"RB","Kenny Hilliard",3000,"Final",0,"WAS"
"WR","Paul Turner",3000,"Final",0,"PHI"
"WR","Kendal Thompson",3000,"Final",0,"WAS"
"WR","David Watford",3000,"Final",0,"PHI"
"WR","Maurice Harris",3000,"Final",0,"WAS"
"WR","Levern Jacobs",3000,"Final",0,"WAS"
"WR","Zach Pascal",3000,"Final",0,"WAS"
"RB","Byron Marshall",3000,"Final",0,"PHI"
"WR","Bryce Treggs",3000,"Final",0,"PHI"
"WR","Marcus Johnson",3000,"Final",0.000,"PHI"
"WR","Mack Hollins",3000,"Final",0.000,"PHI"
"WR","Shelton Gibson",3000,"Final",0,"PHI"
"WR","Greg Ward Jr.",3000,"Final",0,"PHI"
"WR","James Quick",3000,"Final",0,"WAS"
"RB","Corey Clement",3000,"Final",0.000,"PHI"
"WR","Robert Davis",3000,"Final",0,"WAS"
"WR","Rashard Davis",3000,"Final",0,"PHI"
"WR","Jamari Staples",3000,"Final",0,"WAS"
"RB","Lance Dunbar",3000,"Final",0,"LAR"
"RB","Christine Michael",3000,"Final",0,"IND"
"WR","Matt Hazel",3000,"Final",1.100,"IND"
"RB","Aaron Green",3000,"Final",0,"LAR"
"WR","Quan Bray",3000,"Final",0.000,"IND"
"WR","Chris Briggs",3000,"Final",0,"IND"
"RB","Josh Ferguson",3000,"Final",0,"IND"
"WR","Valdez Showers",3000,"Final",0,"IND"
"WR","Nelson Spruce",3000,"Final",0,"LAR"
"RB","Daryl Richardson",3000,"Final",0,"IND"
"RB","Dalton Crossan",3000,"Final",0,"IND"
"WR","Fred Brown",3000,"Final",0,"IND"
"WR","Marvin Bracy",3000,"Final",0,"IND"
"WR","Tevaun Smith",3000,"Final",0,"IND"
"WR","Paul McRoberts",3000,"Final",0,"LAR"
"WR","Brandon Shippen",3000,"Final",0,"LAR"
"WR","JoJo Natson Jr.",3000,"Final",0,"IND"
"RB","Matt Jones",3000,"Final",0,"IND"
"RB","Lenard Tillery",3000,"Final",0,"LAR"
"RB","Troymaine Pope",3000,"Final",0,"IND"
"WR","Chester Rogers",3000,"Final",0,"IND"
"RB","Justin Davis",3000,"Final",0.100,"LAR"
"WR","Bug Howard",3000,"Final",0,"IND"
"RB","Sam Rogers",3000,"Final",0,"LAR"
"RB","De'Mard Llorens",3000,"Final",0,"IND"
"WR","Shakeir Ryan",3000,"Final",0,"LAR"
"WR","Brian Riley",3000,"Final",0,"IND"
"WR","Justice Liggins",3000,"Final",0,"IND"
"WR","Josh Reynolds",3000,"Final",0.000,"LAR"
"WR","Michael Thomas",3000,"Final",0,"LAR"
"WR","Harvey Binford",3000,"Final",0,"IND"
"WR","K.D. Cannon",3000,"Final",0,"LAR"
"RB","Marcel Reece",3000,"Final",0,"SEA"
"WR","Rodney Smith",3000,"Final",0,"SEA"
"WR","Jamel Johnson",3000,"Final",0,"SEA"
"RB","Tre Madden",3000,"Final",0.000,"SEA"
"WR","Tanner McEvoy",3000,"Final",0.000,"SEA"
"RB","Aaron Ripkowski",3000,"Final",0.000,"GB"
"RB","Joe Kerridge",3000,"Final",0,"GB"
"RB","J.D. McKissic",3000,"Final",0,"SEA"
"WR","Trevor Davis",3000,"Final",0.000,"GB"
"WR","Kenny Lawler Jr.",3000,"Final",0,"SEA"
"WR","Darreus Rogers",3000,"Final",0,"SEA"
"WR","Max McCaffrey",3000,"Final",0,"GB"
"RB","Mike Davis",3000,"Final",0,"SEA"
"WR","Amara Darboh",3000,"Final",0.000,"SEA"
"WR","Montay Crockett",3000,"Final",0,"GB"
"RB","Alex Collins",3000,"Final",0,"SEA"
"RB","William Stanback",3000,"Final",0,"GB"
"WR","DeAngelo Yancey",3000,"Final",0,"GB"
"WR","Colby Pearson",3000,"Final",0,"GB"
"RB","Kalif Phillips",3000,"Final",0,"GB"
"WR","Geronimo Allison",3000,"Final",0,"GB"
"WR","Malachi Dupre",3000,"Final",0,"GB"
"RB","Chris Carson",3000,"Final",5.900,"SEA"
"WR","Michael Clark",3000,"Final",0,"GB"
"WR","Cyril Grayson",3000,"Final",0,"SEA"
"WR","David Moore",3000,"Final",0,"SEA"
"RB","Darrel Young",3000,"Final",0,"CAR"
"WR","Louis Murphy",3000,"Final",0,"SF"
"WR","Brenton Bersin",3000,"Final",0,"CAR"
"WR","TJ Graham",3000,"Final",0,"CAR"
"RB","Kyle Juszczyk",3000,"Final",3.700,"SF"
"RB","Kapri Bibbs",3000,"Final",0,"SF"
"WR","Damiere Byrd",3000,"Final",0.000,"CAR"
"RB","Raheem Mostert",3000,"Final",0.000,"SF"
"WR","Keyarris Garrett",3000,"Final",0,"CAR"
"RB","Jalen Simmons",3000,"Final",0,"CAR"
"WR","DeAndre Carter",3000,"Final",0,"SF"
"WR","Mose Frazier",3000,"Final",0,"CAR"
"WR","Aaron Burbridge",3000,"Final",0,"SF"
"RB","Cameron Artis-Payne",3000,"Final",0,"CAR"
"WR","Trent Taylor",3000,"Final",1.800,"SF"
"RB","Tyler McCloskey",3000,"Final",0,"SF"
"WR","Fred Ross Jr.",3000,"Final",0,"CAR"
"WR","DeAndre Smelter",3000,"Final",0,"SF"
"WR","Austin Duke",3000,"Final",0,"CAR"
"WR","Victor Bolden Jr.",3000,"Final",0,"SF"
"RB","Matt Breida",3000,"Final",1.100,"SF"
"WR","Kendrick Bourne",3000,"Final",0.000,"SF"
"WR","Tim Patrick",3000,"Final",0,"SF"
"RB","Alex Armah",3000,"Final",0,"CAR"
"RB","Rashad Jennings",3000,"Final",0,"NYG"
"RB","Shaun Draughn",3000,"Final",0,"NYG"
"WR","Dwayne Harris",3000,"Final",0.000,"NYG"
"WR","Brice Butler",3000,"Final",4.000,"DAL"
"WR","Kevin Norwood",3000,"Final",0,"NYG"
"WR","Uzoma Nwachukwu",3000,"Final",0,"DAL"
"RB","Ronnie Hillman",3000,"Final",0,"DAL"
"WR","Javontee Herndon",3000,"Final",0,"DAL"
"RB","Keith Smith",3000,"Final",0.000,"DAL"
"RB","Jacob Huesman",3000,"Final",0,"NYG"
"WR","Darius Powe",3000,"Final",0,"NYG"
"WR","Marquis Bundy",3000,"Final",0,"NYG"
"RB","Shane Smith",3000,"Final",0.000,"NYG"
"WR","Canaan Severin",3000,"Final",0,"NYG"
"WR","Ed Eagan",3000,"Final",0,"NYG"
"WR","Ryan Switzer",3000,"Final",0.000,"DAL"
"WR","Jerome Lane",3000,"Final",0,"NYG"
"WR","Keeon Johnson",3000,"Final",0,"NYG"
"WR","Lance Lenoir",3000,"Final",0,"DAL"
"WR","Karel Hamilton",3000,"Final",0,"DAL"
"RB","Khalid Abdullah",3000,"Final",0,"NYG"
"WR","Brian Brown",3000,"Final",0,"DAL"
"WR","Travis Rudolph",3000,"Final",0,"NYG"
"WR","Noah Brown",3000,"Final",0,"DAL"
"WR","C.J. Germany",3000,"Final",0,"NYG"
"WR","Kevin Snead",3000,"Final",0,"NYG"
"RB","Brandon Brown-Dukes",3000,"Final",0,"DAL"
"RB","John Kuhn",3000,"Final",0.200,"NO"
"RB","Travaris Cadet",3000,"Final",0,"NO"
"WR","Michael Floyd",3000,"Final",0,"MIN"
"RB","Zach Line",3000,"Final",0,"NO"
"WR","Jarius Wright",3000,"Final",3.100,"MIN"
"WR","Corey Fuller",3000,"Final",0,"NO"
"RB","Bronson Hill",3000,"Final",0,"MIN"
"RB","Daniel Lasco II",3000,"Final",0,"NO"
"WR","Tommylee Lewis",3000,"Final",7.200,"NO"
"WR","Travin Dural",3000,"Final",0,"NO"
"WR","Isaac Fruechte",3000,"Final",0,"MIN"
"WR","Cayleb Jones",3000,"Final",0,"MIN"
"RB","Trey Edmunds",3000,"Final",0.000,"NO"
"RB","Terrell Newby",3000,"Final",0,"MIN"
"WR","Stacy Coley",3000,"Final",0.000,"MIN"
"WR","Rodney Adams",3000,"Final",0,"MIN"
"RB","Darius Victor",3000,"Final",0,"NO"
"WR","R.J. Shelton",3000,"Final",0,"MIN"
"WR","Jake Lampman",3000,"Final",0,"NO"
"WR","De'Quan Hampton",3000,"Final",0,"NO"
"WR","Moritz Boehringer",3000,"Final",0,"MIN"
"RB","C.J. Ham",3000,"Final",0.000,"MIN"
"WR","Dan Arnold",3000,"Final",0,"NO"
"DST","Chargers ",3000,"Final",8.000,"LAC"
"TE","Antonio Gates",3000,"Final",3.700,"LAC"
"RB","Stevan Ridley",3000,"Final",0,"DEN"
"RB","Kenjon Barner",3000,"Final",0,"LAC"
"WR","Bennie Fowler",3000,"Final",17.100,"DEN"
"WR","Marlon Brown",3000,"Final",0,"DEN"
"WR","Jordan Taylor",3000,"Final",0,"DEN"
"RB","Andre Williams",3000,"Final",0,"LAC"
"RB","Juwan Thompson",3000,"Final",0,"DEN"
"WR","Da'Ron Brown",3000,"Final",0,"LAC"
"WR","Geremy Davis",3000,"Final",0.000,"LAC"
"WR","Isaiah Burse",3000,"Final",0,"LAC"
"RB","Derek Watt",3000,"Final",0.000,"LAC"
"WR","Jamaal Jones",3000,"Final",0,"LAC"
"WR","Cody Latimer",3000,"Final",0.000,"DEN"
"RB","Kenneth Farrow",3000,"Final",0,"LAC"
"RB","Andy Janovich",3000,"Final",0.000,"DEN"
"WR","Anthony Nash",3000,"Final",0,"DEN"
"WR","Cameron Posey",3000,"Final",0,"LAC"
"WR","Mitchell Paige",3000,"Final",0,"LAC"
"WR","Carlos Henderson",3000,"Final",0,"DEN"
"WR","Andre Patton",3000,"Final",0,"LAC"
"RB","Austin Ekeler",3000,"Final",3.800,"LAC"
"WR","Isaiah McKenzie",3000,"Final",0.000,"DEN"
"WR","Artavis Scott",3000,"Final",0,"LAC"
"WR","Hunter Sharp",3000,"Final",0,"DEN"
"RB","Stanley Williams",3000,"Final",0,"DEN"
"TE","Julius Thomas",2900,"Postponed",0,"MIA"
"DST","Seahawks ",2900,"Final",7.000,"SEA"
"DST","Cowboys ",2900,"Final",12.000,"DAL"
"TE","Evan Engram",2900,"Final",8.400,"NYG"
"DST","Vikings ",2900,"Final",2.000,"MIN"
"TE","Coby Fleener",2900,"Final",16.400,"NO"
"TE","Zach Miller",2800,"Final",7.900,"CHI"
"DST","Ravens ",2800,"Final",25.000,"BAL"
"TE","Benjamin Watson",2800,"Final",0.000,"BAL"
"TE","Vance McDonald",2800,"Final",0.000,"PIT"
"DST","Cardinals ",2800,"Final",8.000,"ARI"
"DST","Dolphins ",2800,"Postponed",0,"MIA"
"TE","Austin Seferian-Jenkins",2700,"Final",0,"NYJ"
"TE","David Njoku",2700,"Final",4.000,"CLE"
"TE","Jermaine Gresham",2700,"Final",4.500,"ARI"
"TE","Ryan Griffin",2700,"Final",0.000,"HOU"
"DST","Eagles ",2700,"Final",22.000,"PHI"
"DST","Colts ",2700,"Final",2.000,"IND"
"TE","Erik Swoope",2700,"Final",0,"IND"
"TE","Richard Rodgers",2700,"Final",0.000,"GB"
"TE","Virgil Green",2700,"Final",5.400,"DEN"
"TE","Will Tye",2600,"Final",6.400,"NYJ"
"TE","Maxx Williams",2600,"Final",1.500,"BAL"
"DST","Lions ",2600,"Final",16.000,"DET"
"DST","Titans ",2600,"Final",2.000,"TEN"
"TE","Tyler Higbee",2600,"Final",3.700,"LAR"
"TE","Garrett Celek",2600,"Final",0.000,"SF"
"DST","Giants ",2600,"Final",2.000,"NYG"
"TE","A.J. Derby",2600,"Final",6.400,"DEN"
"TE","Jake Butt",2600,"Final",0,"DEN"
"TE","Chris Gragg",2500,"Final",0,"NYJ"
"TE","Logan Thomas",2500,"Final",0.000,"BUF"
"TE","Eric Tomlinson",2500,"Final",4.500,"NYJ"
"TE","Neal Sterling",2500,"Final",0,"NYJ"
"TE","Busta Anderson",2500,"Final",0,"BUF"
"TE","Nick O'Leary",2500,"Final",3.200,"BUF"
"TE","Wes Saxton",2500,"Final",0,"BUF"
"TE","Jason Croom",2500,"Final",0,"BUF"
"TE","Jordan Leggett",2500,"Final",0,"NYJ"
"TE","Brandon Barnes",2500,"Final",0,"NYJ"
"TE","Jason Vander Laan",2500,"Final",0,"NYJ"
"TE","Khari Lee",2500,"Final",0,"BUF"
"TE","Jacob Tamme",2500,"Final",0,"ATL"
"TE","Andrew DePaola",2500,"Final",0.000,"CHI"
"TE","Patrick Scales",2500,"Final",0,"CHI"
"TE","Levine Toilolo",2500,"Final",0.000,"ATL"
"TE","Dion Sims",2500,"Final",5.100,"CHI"
"TE","Alex Gray",2500,"Final",0,"ATL"
"TE","MyCole Pruitt",2500,"Final",0,"CHI"
"TE","Daniel Brown",2500,"Final",0.000,"CHI"
"TE","Joshua Perkins",2500,"Final",0,"ATL"
"TE","Darion Griswold",2500,"Final",0,"ATL"
"TE","Ben Braunecker",2500,"Final",0,"CHI"
"TE","Eric Saubert",2500,"Final",0.000,"ATL"
"TE","Adam Shaheen",2500,"Final",0.000,"CHI"
"TE","Clark Harris",2500,"Final",0.000,"CIN"
"TE","Larry Donnell",2500,"Final",0,"BAL"
"TE","Ryan Hewitt",2500,"Final",0.000,"CIN"
"TE","Tyler Kroft",2500,"Final",1.500,"CIN"
"TE","C.J. Uzomah",2500,"Final",0,"CIN"
"TE","Ryan Malleck",2500,"Final",0,"BAL"
"TE","Nick Boyle",2500,"Final",2.400,"BAL"
"TE","Mason Schreck",2500,"Final",0,"CIN"
"TE","Cethan Carter",2500,"Final",0.000,"CIN"
"TE","Gary Barnidge",2500,"Final",0,"CLE"
"TE","David Johnson",2500,"Final",0,"PIT"
"TE","Ladarius Green",2500,"Final",0,"PIT"
"TE","Xavier Grimble",2500,"Final",0.000,"PIT"
"TE","Randall Telfer",2500,"Final",0.000,"CLE"
"TE","Jake McGee",2500,"Final",0,"PIT"
"TE","Seth DeValve",2500,"Final",8.200,"CLE"
"TE","Taylor McNamara",2500,"Final",0,"CLE"
"TE","Nate Iese",2500,"Final",0,"CLE"
"TE","J.P. Holtz",2500,"Final",0,"CLE"
"TE","Phazahn Odom",2500,"Final",0,"PIT"
"TE","Darren Fells",2500,"Final",0.000,"DET"
"TE","Ifeanyi Momah",2500,"Final",0.000,"ARI"
"TE","Gerald Christian",2500,"Final",0,"ARI"
"TE","Troy Niklas",2500,"Final",0.000,"ARI"
"TE","Robert Tonyan",2500,"Final",0,"DET"
"TE","Hakeem Valles",2500,"Final",0,"ARI"
"TE","Cole Wick",2500,"Final",0,"DET"
"TE","Scott Orndoff",2500,"Final",0,"DET"
"TE","Ricky Seals-Jones",2500,"Final",0,"ARI"
"TE","Michael Roberts",2500,"Final",0.000,"DET"
"TE","Marcedes Lewis",2500,"Final",0.000,"JAX"
"TE","Mychal Rivera",2500,"Final",0,"JAX"
"TE","RaShaun Allen",2500,"Final",0,"HOU"
"TE","Alex Ellis",2500,"Final",0,"JAX"
"TE","Stephen Anderson",2500,"Final",3.400,"HOU"
"TE","Ben Koyack",2500,"Final",0.000,"JAX"
"TE","Evan Baylis",2500,"Final",0,"HOU"
"TE","Caleb Bluiett",2500,"Final",0,"JAX"
"TE","David Grinnage",2500,"Final",0,"JAX"
"TE","Anthony Fasano",2500,"Postponed",0,"MIA"
"TE","Luke Stocker",2500,"Postponed",0,"TB"
"TE","Chris Pantale",2500,"Postponed",0,"MIA"
"TE","MarQueis Gray",2500,"Postponed",0,"MIA"
"TE","Tevin Westbrook",2500,"Postponed",0,"TB"
"TE","Alan Cross",2500,"Postponed",0,"TB"
"TE","Thomas Duarte",2500,"Postponed",0,"MIA"
"TE","Antony Auclair",2500,"Postponed",0,"TB"
"DST","Raiders ",2500,"Final",2.000,"OAK"
"TE","Lee Smith",2500,"Final",0.000,"OAK"
"TE","Beau Brinkley",2500,"Final",0.000,"TEN"
"TE","Gabe Holmes",2500,"Final",0,"OAK"
"TE","Jerome Cunningham",2500,"Final",0,"TEN"
"TE","Cooper Helfet",2500,"Final",0,"OAK"
"TE","Clive Walford",2500,"Final",0.000,"OAK"
"TE","Jace Amaro",2500,"Final",0,"TEN"
"TE","Tim Semisch",2500,"Final",0,"TEN"
"TE","Phillip Supernaw",2500,"Final",0.000,"TEN"
"TE","Ryan O'Malley",2500,"Final",0,"OAK"
"TE","Pharaoh Brown",2500,"Final",0,"OAK"
"TE","Jonnu Smith",2500,"Final",0.000,"TEN"
"TE","Brent Celek",2500,"Final",2.100,"PHI"
"TE","Niles Paul",2500,"Final",0.000,"WAS"
"TE","Trey Burton",2500,"Final",0.000,"PHI"
"TE","Manasseh Garner",2500,"Final",0,"WAS"
"TE","Anthony Denham",2500,"Final",0,"PHI"
"TE","Jeremy Sprinkle",2500,"Final",0,"WAS"
"TE","E.J. Bibbs",2500,"Final",0,"WAS"
"TE","Adam Zaruba",2500,"Final",0,"PHI"
"TE","Billy Brown",2500,"Final",0,"PHI"
"TE","Cory Harkey",2500,"Final",0,"LAR"
"TE","Brandon Williams",2500,"Final",0.000,"IND"
"TE","Temarrick Hemingway",2500,"Final",0,"LAR"
"TE","Henry Krieger-Coble",2500,"Final",0,"IND"
"TE","Travis Wilson",2500,"Final",0,"LAR"
"TE","Derek Carrier",2500,"Final",2.200,"LAR"
"TE","Johnny Mundt",2500,"Final",0,"LAR"
"TE","Darrell Daniels",2500,"Final",0.000,"IND"
"TE","Gerald Everett",2500,"Final",4.900,"LAR"
"TE","Steven Wroblewski",2500,"Final",0,"IND"
"DST","Packers ",2500,"Final",9.000,"GB"
"TE","Lance Kendricks",2500,"Final",3.800,"GB"
"TE","Luke Willson",2500,"Final",0.000,"SEA"
"TE","Tyler Ott",2500,"Final",0.000,"SEA"
"TE","Marcus Lucas",2500,"Final",0,"SEA"
"TE","Nick Vannett",2500,"Final",2.000,"SEA"
"TE","Stevie Donatell",2500,"Final",0,"SEA"
"TE","Aaron Peck",2500,"Final",0,"GB"
"TE","Tyrone Swoopes",2500,"Final",0,"SEA"
"TE","Beau Sandland",2500,"Final",0,"GB"
"TE","Emanuel Byrd",2500,"Final",0,"GB"
"TE","Ed Dickson",2500,"Final",0.000,"CAR"
"TE","Logan Paulsen",2500,"Final",0.000,"SF"
"TE","Kyle Nelson",2500,"Final",0.000,"SF"
"TE","Eric Wallace",2500,"Final",0,"CAR"
"TE","Chris Manhertz",2500,"Final",0.000,"CAR"
"TE","Scott Simonson",2500,"Final",0,"CAR"
"TE","Bryce Williams",2500,"Final",0,"CAR"
"TE","Cole Hikutini",2500,"Final",0,"SF"
"TE","George Kittle",2500,"Final",7.700,"SF"
"TE","Rhett Ellison",2500,"Final",1.900,"NYG"
"TE","James Hanna",2500,"Final",0.000,"DAL"
"TE","Connor Hamlett",2500,"Final",0,"DAL"
"TE","M.J. McFarland",2500,"Final",0,"DAL"
"TE","Matt LaCosse",2500,"Final",0,"NYG"
"TE","Jerell Adams",2500,"Final",0.000,"NYG"
"TE","Colin Thompson",2500,"Final",0,"NYG"
"TE","Rico Gathers",2500,"Final",0,"DAL"
"TE","Blake Jarwin",2500,"Final",0,"DAL"
"TE","Geoff Swaim",2500,"Final",0.000,"DAL"
"TE","John Phillips",2500,"Final",0,"NO"
"TE","Michael Hoomanawanui",2500,"Final",0.000,"NO"
"TE","Nick Truesdell",2500,"Final",0,"MIN"
"TE","Kevin McDermott",2500,"Final",0.000,"MIN"
"TE","Josh Hill",2500,"Final",0.000,"NO"
"TE","Blake Bell",2500,"Final",0.000,"MIN"
"TE","Kyle Carter",2500,"Final",0,"MIN"
"TE","David Morgan",2500,"Final",0.000,"MIN"
"TE","Josiah Price",2500,"Final",0,"MIN"
"TE","Garrett Griffin",2500,"Final",0,"NO"
"TE","Bucky Hodges",2500,"Final",0,"MIN"
"TE","Braedon Bowman",2500,"Final",0,"NO"
"TE","Jeff Cumberland",2500,"Final",0,"LAC"
"TE","Sean McGrath",2500,"Final",0,"LAC"
"TE","Jeff Heuerman",2500,"Final",3.000,"DEN"
"TE","Austin Traylor",2500,"Final",0,"DEN"
"TE","Steven Scheu",2500,"Final",0,"DEN"
"TE","Matt Weiser",2500,"Final",0,"LAC"
"TE","Sean Culkin",2500,"Final",0.000,"LAC"
"TE","Mike Estes",2500,"Final",0,"LAC"
"DST","Jets ",2400,"Final",4.000,"NYJ"
"DST","Saints ",2400,"Final",0.000,"NO"
"DST","Bears ",2200,"Final",2.000,"CHI"
"DST","49ers ",2100,"Final",4.000,"SF"
"DST","Browns ",2000,"Final",3.000,"CLE"
